name,road_link_id,from_node_id,to_node_id,direction,length,lanes,free_speed,capacity,link_type,link_type_name,jam_density,demand_type_code,count_sensor_id,speed_sensor_id
Connector,0,1289,4952,1,0.2427,7,21,10000,1,Zone Connector,1000,,,
Connector,0,1289,5018,1,0.2621,7,21,10000,1,Zone Connector,1001,,,
Connector,0,1289,11124,1,0.5069,7,21,10000,1,Zone Connector,1002,,,
Connector,0,1289,11125,1,0.5047,7,21,10000,1,Zone Connector,1003,,,
Connector,0,1290,4952,1,0.2516,7,21,10000,1,Zone Connector,1004,,,
Connector,0,1296,5240,1,0.2056,7,21,10000,1,Zone Connector,1005,,,
Connector,0,1299,4958,1,0.1988,7,21,10000,1,Zone Connector,1006,,,
Connector,0,1299,11129,1,0.3637,7,21,10000,1,Zone Connector,1007,,,
Connector,0,1314,11146,1,0.2758,7,21,10000,1,Zone Connector,1008,,,
Connector,0,1316,11148,1,0.2608,7,21,10000,1,Zone Connector,1009,,,
Connector,0,1318,11160,1,0.2384,7,21,10000,1,Zone Connector,1010,,,
Connector,0,1319,11124,1,0.2054,7,21,10000,1,Zone Connector,1011,,,
Connector,0,1320,5820,1,0.3445,7,21,10000,1,Zone Connector,1012,,,
Connector,0,1320,11148,1,0.2527,7,21,10000,1,Zone Connector,1013,,,
Connector,0,1322,5589,1,0.2229,7,21,10000,1,Zone Connector,1014,,,
Connector,0,1322,11161,1,0.267,7,21,10000,1,Zone Connector,1015,,,
Connector,0,1323,5592,1,0.2697,7,21,10000,1,Zone Connector,1016,,,
Connector,0,1325,10853,1,0.1583,7,20,10000,1,Zone Connector,1017,,,
Connector,0,1346,11172,1,0.2518,7,21,10000,1,Zone Connector,1018,,,
Connector,0,1348,5210,1,0.2525,7,21,10000,1,Zone Connector,1019,,,
Connector,0,1349,5210,1,0.2309,7,21,10000,1,Zone Connector,1020,,,
Connector,0,1349,5219,1,0.2726,7,21,10000,1,Zone Connector,1021,,,
Connector,0,1349,11181,1,0.3091,7,21,10000,1,Zone Connector,1022,,,
Connector,0,1351,5209,1,0.2524,7,21,10000,1,Zone Connector,1023,,,
Connector,0,1352,5209,1,0.2516,7,21,10000,1,Zone Connector,1024,,,
Connector,0,1352,6256,1,0.254,7,21,10000,1,Zone Connector,1025,,,
Connector,0,1352,11181,1,0.3966,7,21,10000,1,Zone Connector,1026,,,
Connector,0,1352,11261,1,0.3863,7,21,10000,1,Zone Connector,1027,,,
Connector,0,1353,5589,1,0.2564,7,21,10000,1,Zone Connector,1028,,,
Connector,0,1353,11172,1,0.2395,7,21,10000,1,Zone Connector,1029,,,
Connector,0,1353,11173,1,0.2648,7,21,10000,1,Zone Connector,1030,,,
Connector,0,1354,5592,1,0.2627,7,20,10000,1,Zone Connector,1031,,,
Connector,0,1354,11173,1,0.3067,7,20,10000,1,Zone Connector,1032,,,
Connector,0,1355,5219,1,0.2329,7,21,10000,1,Zone Connector,1033,,,
Connector,0,1355,11183,1,0.2952,7,21,10000,1,Zone Connector,1034,,,
Connector,0,1356,6255,1,0.2527,7,21,10000,1,Zone Connector,1035,,,
Connector,0,1356,6256,1,0.271,7,21,10000,1,Zone Connector,1036,,,
Connector,0,1356,11183,1,0.3674,7,21,10000,1,Zone Connector,1037,,,
Connector,0,1356,11259,1,0.3823,7,21,10000,1,Zone Connector,1038,,,
Connector,0,1357,5174,1,0.4171,7,21,10000,1,Zone Connector,1039,,,
Connector,0,1357,5588,1,0.4955,7,21,10000,1,Zone Connector,1040,,,
Connector,0,1357,6255,1,0.2849,7,21,10000,1,Zone Connector,1041,,,
Connector,0,1359,6185,1,0.3586,7,21,10000,1,Zone Connector,1042,,,
Connector,0,1360,10850,1,0.1651,7,20,10000,1,Zone Connector,1043,,,
Connector,0,1360,11489,1,0.2373,7,20,10000,1,Zone Connector,1044,,,
Connector,0,1361,5728,1,0.1705,7,20,10000,1,Zone Connector,1045,,,
Connector,0,1397,11261,1,0.6112,7,21,10000,1,Zone Connector,1046,,,
Connector,0,1404,11257,1,0.1389,7,20,10000,1,Zone Connector,1047,,,
Redwood Rd,0,5017,5018,1,0.498,3,43,854,2,Highway/Expressway,1048,,,
Redwood Rd,0,5017,11146,1,0.2497,3,43,854,2,Highway/Expressway,1049,,,
Redwood Rd,0,5018,5017,1,0.498,3,43,854,2,Highway/Expressway,1050,,,
Redwood Rd,0,5018,5436,1,0.5069,3,43,854,2,Highway/Expressway,1051,,,
9000 South,0,5112,5589,1,0.2454,2,39,892,2,Highway/Expressway,1052,,,
9000 South,0,5112,11159,1,0.2563,2,39,892,2,Highway/Expressway,1053,,,
Connector,0,4952,1289,1,0.2427,7,21,10000,1,Zone Connector,1054,,,
Connector,0,4952,1290,1,0.2516,7,21,10000,1,Zone Connector,1055,,,
Redwood Rd,0,5112,11160,1,0.2128,3,43,854,2,Highway/Expressway,1056,,,
Redwood Rd,0,5112,11172,1,0.2477,2,39,892,2,Highway/Expressway,1057,,,
Connector,0,4958,1299,1,0.1988,7,21,10000,1,Zone Connector,1058,,,
Redwood Rd,0,5113,11148,1,0.3466,3,43,854,2,Highway/Expressway,1059,,,
Redwood Rd,0,5113,11160,1,0.2187,3,43,854,2,Highway/Expressway,1060,,,
9000 South,0,5114,5589,1,0.256,2,39,892,2,Highway/Expressway,1061,,,
9000 South,0,5114,5592,1,0.3692,2,32,847,2,Highway/Expressway,1062,,,
9000 South,0,5117,11255,1,0.1231,2,32,847,2,Highway/Expressway,1063,,,
9000 South,0,5118,5727,1,0.1119,2,32,847,2,Highway/Expressway,1064,,,
9000 South,0,5118,11255,1,0.1912,2,32,847,2,Highway/Expressway,1065,,,
9000 South,0,5119,5727,1,0.058,2,32,847,2,Highway/Expressway,1066,,,
Redwood Rd,0,5208,5209,1,0.3999,2,39,892,2,Highway/Expressway,1067,,,
Redwood Rd,0,5208,5238,1,0.6407,1,38,929,2,Highway/Expressway,1068,,,
Redwood Rd,0,5209,5208,1,0.3999,2,39,892,2,Highway/Expressway,1069,,,
Redwood Rd,0,5209,5211,1,0.3468,2,39,892,2,Highway/Expressway,1070,,,
Connector,0,5018,1285,1,0.2384,7,21,10000,1,Zone Connector,1071,,,
Connector,0,5018,1289,1,0.2621,7,21,10000,1,Zone Connector,1072,,,
Redwood Rd,0,5210,5211,1,0.2656,2,39,892,2,Highway/Expressway,1073,,,
Redwood Rd,0,5210,11172,1,0.4974,2,39,892,2,Highway/Expressway,1074,,,
Redwood Rd,0,5211,5209,1,0.3468,2,39,892,2,Highway/Expressway,1075,,,
Redwood Rd,0,5211,5210,1,0.2656,2,39,892,2,Highway/Expressway,1076,,,
Redwood Rd,0,5238,5208,1,0.6407,1,38,929,2,Highway/Expressway,1077,,,
Redwood Rd,0,5436,5018,1,0.5069,3,43,854,2,Highway/Expressway,1078,,,
Redwood Rd,0,5436,5578,1,0.4375,3,39,854,2,Highway/Expressway,1079,,,
Redwood Rd,0,5578,5436,1,0.4375,3,39,854,2,Highway/Expressway,1080,,,
9000 South,0,5589,5112,1,0.2454,2,39,892,2,Highway/Expressway,1081,,,
9000 South,0,5589,5114,1,0.256,2,39,892,2,Highway/Expressway,1082,,,
9000 South,0,5592,5114,1,0.3692,2,32,847,2,Highway/Expressway,1083,,,
9000 South,0,5727,5118,1,0.1119,2,32,847,2,Highway/Expressway,1084,,,
9000 South,0,5727,5119,1,0.058,2,32,847,2,Highway/Expressway,1085,,,
Redwood Rd,0,5736,11146,1,0.2454,3,43,854,2,Highway/Expressway,1086,,,
Redwood Rd,0,5736,11148,1,0.228,3,43,854,2,Highway/Expressway,1087,,,
Redwood Rd,0,11146,5017,1,0.2497,3,43,854,2,Highway/Expressway,1088,,,
Redwood Rd,0,11146,5736,1,0.2454,3,43,854,2,Highway/Expressway,1089,,,
Redwood Rd,0,11148,5113,1,0.3466,3,43,854,2,Highway/Expressway,1090,,,
Redwood Rd,0,11148,5736,1,0.228,3,43,854,2,Highway/Expressway,1091,,,
9000 South,0,11159,5112,1,0.2563,2,39,892,2,Highway/Expressway,1092,,,
Redwood Rd,0,11160,5112,1,0.2128,3,43,854,2,Highway/Expressway,1093,,,
Redwood Rd,0,11160,5113,1,0.2187,3,43,854,2,Highway/Expressway,1094,,,
Redwood Rd,0,11172,5112,1,0.2477,2,39,892,2,Highway/Expressway,1095,,,
Redwood Rd,0,11172,5210,1,0.4974,2,39,892,2,Highway/Expressway,1096,,,
9000 South,0,11255,5117,1,0.1231,2,32,847,2,Highway/Expressway,1097,,,
9000 South,0,11255,5118,1,0.1912,2,32,847,2,Highway/Expressway,1098,,,
9000 South,0,5592,1,1,0.12113,2,32,847,2,Highway/Expressway,1099,,,
9000 South,0,1,2,1,0.12113,2,32,847,2,Highway/Expressway,1100,,,
9000 South,0,2,3,1,0.12113,2,32,847,2,Highway/Expressway,1101,,,
9000 South,0,3,4,1,0.12113,2,32,847,2,Highway/Expressway,1102,,,
9000 South,0,4,5,1,0.12113,2,32,847,2,Highway/Expressway,1103,,,
9000 South,0,5,5117,1,0.12113,2,32,847,2,Highway/Expressway,1104,,,
9000 South,0,5117,5,1,0.12113,2,32,847,2,Highway/Expressway,1105,,,
9000 South,0,5,4,1,0.12113,2,32,847,2,Highway/Expressway,1106,,,
9000 South,0,4,3,1,0.12113,2,32,847,2,Highway/Expressway,1107,,,
9000 South,0,3,2,1,0.12113,2,32,847,2,Highway/Expressway,1108,,,
9000 South,0,2,1,1,0.12113,2,32,847,2,Highway/Expressway,1109,,,
9000 South,0,1,5592,1,0.12113,2,32,847,2,Highway/Expressway,1110,,,
300 West,0,3689,11507,1,0.094,2,25,601,4,Major arterial,1111,,,
500 West,0,4156,10849,1,0.0946,1,24,633,4,Major arterial,1112,,,
500 West,0,4156,10850,1,0.17,1,24,633,4,Major arterial,1113,,,
700 West,0,4804,5106,1,0.2604,1,29,666,4,Major arterial,1114,,,
Connector,0,5174,1357,1,0.4171,7,21,10000,1,Zone Connector,1115,,,
700 West,0,4804,5109,1,0.2489,1,29,666,4,Major arterial,1116,,,
700 West,0,4899,5030,1,0.2603,2,30,633,4,Major arterial,1117,,,
1300 West,0,4952,5022,1,0.5007,1,32,666,4,Major arterial,1118,,,
1300 West,0,4952,5440,1,0.39199,1,32,666,4,Major arterial,1119,,,
1300 West,0,5022,4952,1,0.5007,1,32,666,4,Major arterial,1120,,,
1300 West,0,5022,11147,1,0.119,1,32,666,4,Major arterial,1121,,,
700 West,0,5027,11150,1,0.2378,1,29,666,4,Major arterial,1122,,,
700 West,0,5030,4899,1,0.2603,2,30,633,4,Major arterial,1123,,,
Connector,0,5209,1351,1,0.2524,7,21,10000,1,Zone Connector,1124,,,
Connector,0,5209,1352,1,0.2516,7,21,10000,1,Zone Connector,1125,,,
1300 West,0,5103,5820,1,0.5746,1,32,666,4,Major arterial,1126,,,
1300 West,0,5103,11161,1,0.2721,1,32,666,4,Major arterial,1127,,,
Connector,0,5210,1348,1,0.2525,7,21,10000,1,Zone Connector,1128,,,
Connector,0,5210,1349,1,0.2309,7,21,10000,1,Zone Connector,1129,,,
700 West,0,5106,4804,1,0.2604,1,29,666,4,Major arterial,1130,,,
700 West,0,5106,5117,1,0.7477,1,24,633,4,Major arterial,1131,,,
500 West,0,5106,10852,1,0.0551,1,24,633,4,Major arterial,1132,,,
700 West,0,5109,4804,1,0.2489,1,29,666,4,Major arterial,1133,,,
700 West,0,5109,11150,1,0.0875,1,29,666,4,Major arterial,1134,,,
1300 West,0,5114,11161,1,0.2244,1,32,666,4,Major arterial,1135,,,
1300 West,0,5114,11173,1,0.2362,1,29,666,4,Major arterial,1136,,,
700 West,0,5117,5106,1,0.7477,1,24,633,4,Major arterial,1137,,,
500 West,0,5118,10854,1,0.0913,1,24,633,4,Major arterial,1138,,,
500 West,0,5118,11910,1,0.1358,1,24,633,4,Major arterial,1139,,,
9800 South,0,5175,5729,1,0.1853,1,24,633,4,Major arterial,1140,,,
9800 South,0,5175,11257,1,0.2117,1,24,633,4,Major arterial,1141,,,
9800 South,0,5211,11180,1,0.3029,1,29,666,4,Major arterial,1142,,,
9800 South,0,5211,11181,1,0.4027,1,29,666,4,Major arterial,1143,,,
1300 West,0,5214,6256,1,0.4031,1,29,666,4,Major arterial,1144,,,
1300 West,0,5214,11281,1,0.4441,1,29,666,4,Major arterial,1145,,,
9800 South,0,5215,5588,1,0.1435,1,29,666,4,Major arterial,1146,,,
Connector,0,5219,1349,1,0.2726,7,21,10000,1,Zone Connector,1147,,,
Connector,0,5219,1355,1,0.2329,7,21,10000,1,Zone Connector,1148,,,
9800 South,0,5215,11183,1,0.1961,1,29,666,4,Major arterial,1149,,,
500 West,0,5216,10847,1,0.1274,2,30,633,4,Major arterial,1150,,,
300 West,0,5216,11507,1,0.2346,2,25,601,4,Major arterial,1151,,,
1300 West,0,5219,5232,1,0.293,1,29,666,4,Major arterial,1152,,,
1300 West,0,5219,11173,1,0.5262,1,29,666,4,Major arterial,1153,,,
1300 West,0,5232,5219,1,0.293,1,29,666,4,Major arterial,1154,,,
1300 West,0,5232,6256,1,0.3069,1,29,666,4,Major arterial,1155,,,
Connector,0,5240,1296,1,0.2056,7,21,10000,1,Zone Connector,1156,,,
9800 South,0,5232,11182,1,0.0505,1,29,666,4,Major arterial,1157,,,
9800 South,0,5232,11183,1,0.3048,1,29,666,4,Major arterial,1158,,,
1300 West,0,5440,4952,1,0.39199,1,32,666,4,Major arterial,1159,,,
1300 West,0,5440,11827,1,0.18981,1,32,666,4,Major arterial,1160,,,
9800 South,0,5588,5215,1,0.1435,1,29,666,4,Major arterial,1161,,,
9800 South,0,5588,11184,1,0.1725,1,24,633,4,Major arterial,1162,,,
300 West,0,5728,5729,1,0.2666,1,24,633,4,Major arterial,1163,,,
500 West,0,5728,7984,1,0.4879,1,24,633,4,Major arterial,1164,,,
9800 South,0,5729,5175,1,0.1853,1,24,633,4,Major arterial,1165,,,
300 West,0,5729,5728,1,0.2666,1,24,633,4,Major arterial,1166,,,
9800 South,0,5729,5929,1,0.1956,2,25,601,4,Major arterial,1167,,,
700 West,0,5730,8172,1,0.1782,1,24,633,4,Major arterial,1168,,,
700 West,0,5730,11763,1,0.1123,1,24,633,4,Major arterial,1169,,,
1300 West,0,5820,5103,1,0.5746,1,32,666,4,Major arterial,1170,,,
1300 West,0,5820,11147,1,0.3015,1,32,666,4,Major arterial,1171,,,
9800 South,0,5929,5729,1,0.1956,2,25,601,4,Major arterial,1172,,,
700 West,0,6185,8172,1,0.3411,1,29,666,4,Major arterial,1173,,,
1300 West,0,6256,5214,1,0.4031,1,29,666,4,Major arterial,1174,,,
1300 West,0,6256,5232,1,0.3069,1,29,666,4,Major arterial,1175,,,
500 West,0,6270,6273,1,0.188,1,24,633,4,Major arterial,1176,,,
Connector,0,5588,1357,1,0.4955,7,21,10000,1,Zone Connector,1177,,,
500 West,0,6270,10853,1,0.1007,1,24,633,4,Major arterial,1178,,,
500 West,0,6273,6270,1,0.188,1,24,633,4,Major arterial,1179,,,
Connector,0,5589,1322,1,0.2229,7,21,10000,1,Zone Connector,1180,,,
Connector,0,5589,1353,1,0.2564,7,21,10000,1,Zone Connector,1181,,,
500 West,0,6273,10851,1,0.0461,1,24,633,4,Major arterial,1182,,,
500 West,0,7210,10850,1,0.0378,1,24,633,4,Major arterial,1183,,,
Connector,0,5592,1323,1,0.2697,7,21,10000,1,Zone Connector,1184,,,
Connector,0,5592,1354,1,0.2627,7,20,10000,1,Zone Connector,1185,,,
500 West,0,7210,10854,1,0.0658,1,24,633,4,Major arterial,1186,,,
700 West,0,7210,11763,1,0.0747,1,24,633,4,Major arterial,1187,,,
500 West,0,7984,5728,1,0.4879,1,24,633,4,Major arterial,1188,,,
Connector,0,5728,1361,1,0.1705,7,20,10000,1,Zone Connector,1189,,,
500 West,0,7984,10849,1,0.2495,1,24,633,4,Major arterial,1190,,,
700 West,0,8172,5730,1,0.1782,1,24,633,4,Major arterial,1191,,,
700 West,0,8172,6185,1,0.3411,1,29,666,4,Major arterial,1192,,,
Jordan Gat,0,10847,5216,1,0.1274,2,30,633,4,Major arterial,1193,,,
500 West,0,10849,4156,1,0.0946,1,24,633,4,Major arterial,1194,,,
500 West,0,10849,7984,1,0.2495,1,24,633,4,Major arterial,1195,,,
500 West,0,10850,4156,1,0.17,1,24,633,4,Major arterial,1196,,,
500 West,0,10850,7210,1,0.0378,1,24,633,4,Major arterial,1197,,,
500 West,0,10851,6273,1,0.0461,1,24,633,4,Major arterial,1198,,,
500 West,0,10851,10852,1,0.1884,1,24,633,4,Major arterial,1199,,,
Connector,0,5820,1320,1,0.3445,7,21,10000,1,Zone Connector,1200,,,
500 West,0,10852,5106,1,0.0551,1,24,633,4,Major arterial,1201,,,
500 West,0,10852,10851,1,0.1884,1,24,633,4,Major arterial,1202,,,
500 West,0,10853,6270,1,0.1007,1,24,633,4,Major arterial,1203,,,
500 West,0,10853,11910,1,0.166,1,24,633,4,Major arterial,1204,,,
500 West,0,10854,5118,1,0.0913,1,24,633,4,Major arterial,1205,,,
500 West,0,10854,7210,1,0.0658,1,24,633,4,Major arterial,1206,,,
1300 West,0,11147,5022,1,0.119,1,32,666,4,Major arterial,1207,,,
1300 West,0,11147,5820,1,0.3015,1,32,666,4,Major arterial,1208,,,
700 West,0,11150,5027,1,0.2378,1,29,666,4,Major arterial,1209,,,
700 West,0,11150,5109,1,0.0875,1,29,666,4,Major arterial,1210,,,
Connector,0,6185,1359,1,0.3586,7,21,10000,1,Zone Connector,1211,,,
1300 West,0,11161,5103,1,0.2721,1,32,666,4,Major arterial,1212,,,
1300 West,0,11161,5114,1,0.2244,1,32,666,4,Major arterial,1213,,,
Connector,0,6255,1356,1,0.2527,7,21,10000,1,Zone Connector,1214,,,
Connector,0,6255,1357,1,0.2849,7,21,10000,1,Zone Connector,1215,,,
1300 West,0,11173,5114,1,0.2362,1,29,666,4,Major arterial,1216,,,
1300 West,0,11173,5219,1,0.5262,1,29,666,4,Major arterial,1217,,,
Connector,0,6256,1352,1,0.254,7,21,10000,1,Zone Connector,1218,,,
Connector,0,6256,1356,1,0.271,7,21,10000,1,Zone Connector,1219,,,
9800 South,0,11180,5211,1,0.3029,1,29,666,4,Major arterial,1220,,,
9800 South,0,11181,5211,1,0.4027,1,29,666,4,Major arterial,1221,,,
9800 South,0,11181,11182,1,0.0616,1,29,666,4,Major arterial,1222,,,
9800 South,0,11182,5232,1,0.0505,1,29,666,4,Major arterial,1223,,,
9800 South,0,11182,11181,1,0.0616,1,29,666,4,Major arterial,1224,,,
9800 South,0,11183,5215,1,0.1961,1,29,666,4,Major arterial,1225,,,
9800 South,0,11183,5232,1,0.3048,1,29,666,4,Major arterial,1226,,,
9800 South,0,11184,5588,1,0.1725,1,24,633,4,Major arterial,1227,,,
9800 South,0,11184,11257,1,0.335,1,24,633,4,Major arterial,1228,,,
9800 South,0,11257,5175,1,0.2117,1,24,633,4,Major arterial,1229,,,
9800 South,0,11257,11184,1,0.335,1,24,633,4,Major arterial,1230,,,
1300 West,0,11281,5214,1,0.4441,1,29,666,4,Major arterial,1231,,,
300 West,0,11507,3689,1,0.094,2,25,601,4,Major arterial,1232,,,
300 West,0,11507,5216,1,0.2346,2,25,601,4,Major arterial,1233,,,
700 West,0,11763,5730,1,0.1123,1,24,633,4,Major arterial,1234,,,
700 West,0,11763,7210,1,0.0747,1,24,633,4,Major arterial,1235,,,
1300 West,0,11827,5440,1,0.18981,1,32,666,4,Major arterial,1236,,,
500 West,0,11910,5118,1,0.1358,1,24,633,4,Major arterial,1237,,,
500 West,0,11910,10853,1,0.166,1,24,633,4,Major arterial,1238,,,
Jordan Gateway,0,6185,5175,1,0.12113,2,35,600,4,Major arterial,1239,,,
Connector,0,10850,1360,1,0.1651,7,20,10000,1,Zone Connector,1240,,,
Jordan Gateway,0,5175,6185,1,0.12113,2,35,600,4,Major arterial,1241,,,
Jordan Gateway,0,5175,11507,1,0.12113,2,35,600,4,Major arterial,1242,,,
Jordan Gateway,0,11507,5175,1,0.12113,2,35,600,4,Major arterial,1243,,,
8000 South,0,5109,11151,1,0.1948,1,26,514,5,Minor arterial,1244,,,
8660 S,0,5113,8002,1,0.242,1,26,514,5,Minor arterial,1245,,,
1000 West,0,5215,6255,1,0.4541,1,26,514,5,Minor arterial,1246,,,
Connector,0,10853,1325,1,0.1583,7,20,10000,1,Zone Connector,1247,,,
1000 West,0,5587,10857,1,0.1459,1,26,514,5,Minor arterial,1248,,,
Sugar Fact,0,5736,8116,1,0.3243,1,26,514,5,Minor arterial,1249,,,
River Fron,0,5868,6253,1,0.339,1,26,514,5,Minor arterial,1250,,,
River Fron,0,6253,5868,1,0.339,1,26,514,5,Minor arterial,1251,,,
1000 West,0,6255,5215,1,0.4541,1,26,514,5,Minor arterial,1252,,,
1000 West,0,6255,10857,1,0.2393,1,26,514,5,Minor arterial,1253,,,
8660 S,0,8002,5113,1,0.242,1,26,514,5,Minor arterial,1254,,,
Sugar Fact,0,8116,5736,1,0.3243,1,26,514,5,Minor arterial,1255,,,
1000 West,0,10857,5587,1,0.1459,1,26,514,5,Minor arterial,1256,,,
Connector,0,11124,1289,1,0.5069,7,21,10000,1,Zone Connector,1257,,,
Connector,0,11124,1319,1,0.2054,7,21,10000,1,Zone Connector,1258,,,
1000 West,0,10857,6255,1,0.2393,1,26,514,5,Minor arterial,1259,,,
8000 South,0,11151,5109,1,0.1948,1,26,514,5,Minor arterial,1260,,,
Connector,0,11125,1286,1,0.466,7,21,10000,1,Zone Connector,1261,,,
Connector,0,11125,1289,1,0.5047,7,21,10000,1,Zone Connector,1262,,,
700 West,0,4958,5010,1,0.14152,2,36,814,3,Principal arterial,1263,,,
700 West,0,4958,5030,1,0.15809,2,36,814,3,Principal arterial,1264,,,
Center St,0,5009,5027,1,0.1508,2,36,814,3,Principal arterial,1265,,,
Holden St,0,5009,5240,1,0.2969,2,36,814,3,Principal arterial,1266,,,
7800 South,0,5009,5863,1,0.1904,2,36,814,3,Principal arterial,1267,,,
700 West,0,5010,4958,1,0.14152,2,36,814,3,Principal arterial,1268,,,
700 West,0,5010,5027,1,0.31237,1,35,857,3,Principal arterial,1269,,,
Holden St,0,5010,5240,1,0.13471,2,36,814,3,Principal arterial,1270,,,
Connector,0,11129,1299,1,0.3637,7,21,10000,1,Zone Connector,1271,,,
7800 South,0,5017,11123,1,0.2622,2,36,814,3,Principal arterial,1272,,,
7800 South,0,5017,11124,1,0.3644,2,36,814,3,Principal arterial,1273,,,
Connector,0,11146,1314,1,0.2758,7,21,10000,1,Zone Connector,1274,,,
7800 South,0,5022,5524,1,0.1988,2,36,814,3,Principal arterial,1275,,,
7800 South,0,5022,11124,1,0.1398,2,36,814,3,Principal arterial,1276,,,
Center St,0,5027,5009,1,0.1508,2,36,814,3,Principal arterial,1277,,,
700 West,0,5027,5010,1,0.31237,1,35,857,3,Principal arterial,1278,,,
Connector,0,11148,1316,1,0.2608,7,21,10000,1,Zone Connector,1279,,,
Connector,0,11148,1320,1,0.2527,7,21,10000,1,Zone Connector,1280,,,
Center St,0,5027,11129,1,0.1417,2,36,814,3,Principal arterial,1281,,,
700 West,0,5030,4958,1,0.15809,2,36,814,3,Principal arterial,1282,,,
7000 South,0,5030,10872,1,0.18159,2,36,814,3,Principal arterial,1283,,,
7200 South,0,5030,11128,1,0.13451,2,29,814,3,Principal arterial,1284,,,
Center St,0,5034,11129,1,0.27834,2,36,814,3,Principal arterial,1285,,,
7200 South,0,5037,11128,1,0.33214,2,29,814,3,Principal arterial,1286,,,
Connector,0,11160,1318,1,0.2384,7,21,10000,1,Zone Connector,1287,,,
South Jordan,0,5174,5587,1,0.2961,2,36,814,3,Principal arterial,1288,,,
South Jordan,0,5174,5868,1,0.1943,2,36,814,3,Principal arterial,1289,,,
Connector,0,11161,1322,1,0.267,7,21,10000,1,Zone Connector,1290,,,
South Jordan,0,5208,11261,1,0.2147,2,36,814,3,Principal arterial,1291,,,
10400 South,0,5208,11282,1,0.2666,1,35,857,3,Principal arterial,1292,,,
Connector,0,11172,1346,1,0.2518,7,21,10000,1,Zone Connector,1293,,,
Connector,0,11172,1353,1,0.2395,7,21,10000,1,Zone Connector,1294,,,
South Jordan,0,5214,11259,1,0.1306,2,36,814,3,Principal arterial,1295,,,
South Jordan,0,5214,11261,1,0.2844,2,36,814,3,Principal arterial,1296,,,
Connector,0,11173,1353,1,0.2648,7,21,10000,1,Zone Connector,1297,,,
Connector,0,11173,1354,1,0.3067,7,20,10000,1,Zone Connector,1298,,,
South Jordan,0,5216,5356,1,0.1926,2,27,773,3,Principal arterial,1299,,,
South Jordan,0,5216,5868,1,0.3901,2,27,773,3,Principal arterial,1300,,,
Holden St,0,5240,5009,1,0.2969,2,36,814,3,Principal arterial,1301,,,
Connector,0,11181,1349,1,0.3091,7,21,10000,1,Zone Connector,1302,,,
Connector,0,11181,1352,1,0.3966,7,21,10000,1,Zone Connector,1303,,,
Holden St,0,5240,5010,1,0.13471,2,36,814,3,Principal arterial,1304,,,
South Jordan,0,5356,5216,1,0.1926,2,27,773,3,Principal arterial,1305,,,
7000 South,0,5436,5577,1,0.187,2,36,814,3,Principal arterial,1306,,,
7000 South,0,5436,11125,1,0.2509,2,36,814,3,Principal arterial,1307,,,
Connector,0,11183,1355,1,0.2952,7,21,10000,1,Zone Connector,1308,,,
Connector,0,11183,1356,1,0.3674,7,21,10000,1,Zone Connector,1309,,,
7000 South,0,5440,11125,1,0.27677,2,36,814,3,Principal arterial,1310,,,
7000 South,0,5440,11127,1,0.25977,2,36,814,3,Principal arterial,1311,,,
7000 South,0,5441,5861,1,0.10732,2,36,814,3,Principal arterial,1312,,,
7000 South,0,5441,11126,1,0.11932,2,36,814,3,Principal arterial,1313,,,
7800 South,0,5524,5022,1,0.1988,2,36,814,3,Principal arterial,1314,,,
7800 South,0,5524,5863,1,0.4697,2,36,814,3,Principal arterial,1315,,,
Connector,0,11257,1404,1,0.1389,7,20,10000,1,Zone Connector,1316,,,
7000 South,0,5577,5436,1,0.187,2,36,814,3,Principal arterial,1317,,,
South Jordan,0,5587,5174,1,0.2961,2,36,814,3,Principal arterial,1318,,,
Connector,0,11259,1356,1,0.3823,7,21,10000,1,Zone Connector,1319,,,
South Jordan,0,5587,11259,1,0.4105,2,36,814,3,Principal arterial,1320,,,
7000 South,0,5861,5441,1,0.10732,2,36,814,3,Principal arterial,1321,,,
Connector,0,11261,1352,1,0.3863,7,21,10000,1,Zone Connector,1322,,,
Connector,0,11261,1397,1,0.6112,7,21,10000,1,Zone Connector,1323,,,
7000 South,0,5861,10872,1,0.1205,2,36,814,3,Principal arterial,1324,,,
7800 South,0,5863,5009,1,0.1904,2,36,814,3,Principal arterial,1325,,,
7800 South,0,5863,5524,1,0.4697,2,36,814,3,Principal arterial,1326,,,
South Jordan,0,5868,5174,1,0.1943,2,36,814,3,Principal arterial,1327,,,
Connector,0,11489,1360,1,0.2373,7,20,10000,1,Zone Connector,1328,,,
South Jordan,0,5868,5216,1,0.3901,2,27,773,3,Principal arterial,1329,,,
9400 Sout,0,7984,11489,1,0.1026,1,30,814,3,Principal arterial,1330,,,
9400 Sout,0,8172,11489,1,0.1499,1,35,857,3,Principal arterial,1331,,,
7000 South,0,10872,5030,1,0.18159,2,36,814,3,Principal arterial,1332,,,
7000 South,0,10872,5861,1,0.1205,2,36,814,3,Principal arterial,1333,,,
7800 South,0,11123,5017,1,0.2622,2,36,814,3,Principal arterial,1334,,,
7800 South,0,11124,5017,1,0.3644,2,36,814,3,Principal arterial,1335,,,
7800 South,0,11124,5022,1,0.1398,2,36,814,3,Principal arterial,1336,,,
7000 South,0,11125,5436,1,0.2509,2,36,814,3,Principal arterial,1337,,,
7000 South,0,11125,5440,1,0.27677,2,36,814,3,Principal arterial,1338,,,
7000 South,0,11126,5441,1,0.11932,2,36,814,3,Principal arterial,1339,,,
7000 South,0,11126,11127,1,0.3179,2,36,814,3,Principal arterial,1340,,,
7000 South,0,11127,5440,1,0.25977,2,36,814,3,Principal arterial,1341,,,
7000 South,0,11127,11126,1,0.3179,2,36,814,3,Principal arterial,1342,,,
7200 South,0,11128,5030,1,0.13451,2,29,814,3,Principal arterial,1343,,,
7200 South,0,11128,5037,1,0.33214,2,29,814,3,Principal arterial,1344,,,
Center St,0,11129,5027,1,0.1417,2,36,814,3,Principal arterial,1345,,,
Center St,0,11129,5034,1,0.27834,2,36,814,3,Principal arterial,1346,,,
South Jordan,0,11259,5214,1,0.1306,2,36,814,3,Principal arterial,1347,,,
Connector,0,3001,1359,1,0.12113,7,21,10000,1,Zone Connector,1348,,,
Connector,0,1359,3001,1,0.12113,7,21,10000,1,Zone Connector,1349,,,
South Jordan,0,11259,5587,1,0.4105,2,36,814,3,Principal arterial,1350,,,
South Jordan,0,11261,5208,1,0.2147,2,36,814,3,Principal arterial,1351,,,
Connector,0,1358,3002,1,0.12113,7,21,10000,1,Zone Connector,1352,,,
Connector,0,3002,1358,1,0.12113,7,21,10000,1,Zone Connector,1353,,,
Connector,0,1323,11161,1,0.12113,7,21,10000,1,Zone Connector,1354,,,
Connector,0,11161,1323,1,0.12113,7,21,10000,1,Zone Connector,1355,,,
Connector,0,1319,11146,1,0.12113,7,21,10000,1,Zone Connector,1356,,,
Connector,0,11146,1319,1,0.12113,7,21,10000,1,Zone Connector,1357,,,
Connector,0,1319,11147,1,0.12113,7,21,10000,1,Zone Connector,1358,,,
Connector,0,11147,1319,1,0.12113,7,21,10000,1,Zone Connector,1359,,,
Connector,0,1322,11160,1,0.12113,7,21,10000,1,Zone Connector,1360,,,
Connector,0,11160,1322,1,0.12113,7,21,10000,1,Zone Connector,1361,,,
Connector,0,1360,5730,1,0.12113,7,21,10000,1,Zone Connector,1362,,,
Connector,0,5730,1360,1,0.12113,7,21,10000,1,Zone Connector,1363,,,
South Jordan,0,11261,5214,1,0.2844,2,36,814,3,Principal arterial,1364,,,
10400 South,0,11282,5208,1,0.2666,1,35,857,3,Principal arterial,1365,,,
9400 Sout,0,11489,7984,1,0.1026,1,30,814,3,Principal arterial,1366,,,
9400 Sout,0,11489,8172,1,0.1499,1,35,857,3,Principal arterial,1367,,,
Riverside,0,1358,3000,1,0.12113,1,35,600,3,Principal arterial,1368,,,
Riverside,0,1358,5117,1,0.12113,1,35,600,3,Principal arterial,1369,,,
Riverside,0,5117,1358,1,0.12113,1,35,600,3,Principal arterial,1370,,,
Riverside,0,3000,1358,1,0.12113,1,35,600,3,Principal arterial,1371,,,
9400 South,0,3000,3001,1,0.12113,1,35,600,3,Principal arterial,1372,,,
9400 South,0,3001,3000,1,0.12113,1,35,600,3,Principal arterial,1373,,,
9400 South,0,3001,8172,1,0.12113,1,35,600,3,Principal arterial,1374,,,
9400 South,0,8172,3000,1,0.12113,1,35,600,3,Principal arterial,1375,,,
